{
    "false positive": 19870,
    "true positive": 5224,
    "false negative": 48205,
    "true negative": 92450,
    "accuracy": 0.5892886231591141,
    "precision": 0.20817725352673946,
    "recall": 0.09777461678114882,
    "specificity": 0.8230947293447294
}