{
    "false positive": 3486,
    "true positive": 2151,
    "false negative": 2289,
    "true negative": 3834,
    "accuracy": 0.5089285714285714,
    "precision": 0.3815859499733901,
    "recall": 0.37246753246753245
}