{
    "false positive": 1257,
    "true positive": 609,
    "false negative": 3935,
    "true negative": 5589,
    "accuracy": 0.544161545215101,
    "precision": 0.32636655948553056,
    "recall": 0.11729583975346687
}