{
    "false positive": 22298,
    "true positive": 5212,
    "false negative": 53356,
    "true negative": 98520,
    "accuracy": 0.5782614027850557,
    "precision": 0.18945837877135588,
    "recall": 0.08899057505805218,
    "specificity": 0.8154414077372577
}