{
    "false positive": 238,
    "true positive": 15,
    "false negative": 1437,
    "true negative": 2028,
    "accuracy": 0.5494889725658957,
    "precision": 0.05928853754940711,
    "recall": 0.008955223880597015
}