{
    "false positive": 9477,
    "true positive": 3428,
    "false negative": 121592,
    "true negative": 111691,
    "accuracy": 0.4676060571595691,
    "precision": 0.2656334753971329,
    "recall": 0.02741961286194209,
    "specificity": 0.921786280205995
}