{
    "false positive": 304,
    "true positive": 15,
    "false negative": 2781,
    "true negative": 2148,
    "accuracy": 0.41215701219512196,
    "precision": 0.047021943573667714,
    "recall": 0.004862236628849271
}