{
    "false positive": 9462,
    "true positive": 3443,
    "false negative": 122866,
    "true negative": 181953,
    "accuracy": 0.5835127343228714,
    "precision": 0.26679581557535836,
    "recall": 0.02725854848031415,
    "specificity": 0.9505681372933156
}