{
    "false positive": 9112,
    "true positive": 3443,
    "false negative": 118292,
    "true negative": 178724,
    "accuracy": 0.5884498224962933,
    "precision": 0.27423337315810437,
    "recall": 0.028282745307430072,
    "specificity": 0.9514895973082902
}