{
    "false positive": 13572,
    "true positive": 2665,
    "false negative": 49194,
    "true negative": 98288,
    "accuracy": 0.6166236050794349,
    "precision": 0.16413130504403523,
    "recall": 0.05138934418326616,
    "specificity": 0.8786697657786519
}