{
    "false positive": 846,
    "true positive": 700,
    "false negative": 3913,
    "true negative": 6100,
    "accuracy": 0.5882861839259451,
    "precision": 0.45278137128072443,
    "recall": 0.14708972473208656
}