{
    "false positive": 2834,
    "true positive": 1320,
    "false negative": 1980,
    "true negative": 6240,
    "accuracy": 0.6109584612898012,
    "precision": 0.3177660086663457,
    "recall": 0.2742002492729539
}