{
    "false positive": 13067,
    "true positive": 2244,
    "false negative": 43221,
    "true negative": 90144,
    "accuracy": 0.6214049342193764,
    "precision": 0.14656129580040494,
    "recall": 0.04935664797096668,
    "specificity": 0.8733952776351358
}