{
    "false positive": 7492,
    "true positive": 1317,
    "false negative": 47862,
    "true negative": 89584,
    "accuracy": 0.6215240504598133,
    "precision": 0.1495061868543535,
    "recall": 0.02677972305252242,
    "specificity": 0.9228233548971939
}