{
    "false positive": 7519,
    "true positive": 1317,
    "false negative": 49401,
    "true negative": 91656,
    "accuracy": 0.6202624538837704,
    "precision": 0.1490493435943866,
    "recall": 0.025967112267833905,
    "specificity": 0.9241845223090497
}