{
    "false positive": 8031,
    "true positive": 352,
    "false negative": 1100,
    "true negative": 1092,
    "accuracy": 0.136548463356974,
    "precision": 0.04198974114278898,
    "recall": 0.038549994524148506
}