{
    "false positive": 5579,
    "true positive": 160,
    "false negative": 0,
    "true negative": -5739,
    "accuracy": 0,
    "precision": 0.027879421502003832,
    "recall": 0.02867897472665352
}