{
    "false positive": 159509,
    "true positive": 7645,
    "false negative": 113399,
    "true negative": 172144,
    "accuracy": 0.3971508536614999,
    "precision": 0.04573626715483925,
    "recall": 0.06315885132679026,
    "specificity": 0.5190485236075054
}