{
    "false positive": 143942,
    "true positive": 8097,
    "false negative": 62375,
    "true negative": 115135,
    "accuracy": 0.3739413562171331,
    "precision": 0.053256072455093756,
    "recall": 0.11489669656033602,
    "specificity": 0.44440455926230427
}