{
    "false positive": 5499,
    "true positive": 240,
    "false negative": 2342,
    "true negative": 1702,
    "accuracy": 0.1985076152509455,
    "precision": 0.04181913225300575,
    "recall": 0.030608340772860603
}