{
    "false positive": 3052,
    "true positive": 1200,
    "false negative": 1581,
    "true negative": 564,
    "accuracy": 0.2757542598092856,
    "precision": 0.28222013170272814,
    "recall": 0.25901143967191886
}