{
    "false positive": 10854,
    "true positive": 1376,
    "false negative": 121044,
    "true negative": 181435,
    "accuracy": 0.5808890117537153,
    "precision": 0.1125102207686018,
    "recall": 0.011239993465120078,
    "specificity": 0.9435537134209445
}