{
    "false positive": 10746,
    "true positive": 1348,
    "false negative": 111643,
    "true negative": 174824,
    "accuracy": 0.5900703708789828,
    "precision": 0.1114602282123367,
    "recall": 0.011930153729058066,
    "specificity": 0.9420919329633023
}