{
    "false positive": 10845,
    "true positive": 1385,
    "false negative": 119747,
    "true negative": 111004,
    "accuracy": 0.46254233870137995,
    "precision": 0.11324611610793131,
    "recall": 0.011433807746920715,
    "specificity": 0.9109963971801164
}