{
    "false positive": 1263,
    "true positive": 446,
    "false negative": 122420,
    "true negative": 181939,
    "accuracy": 0.5958969902113256,
    "precision": 0.2609713282621416,
    "recall": 0.003629970862565722,
    "specificity": 0.9931059704588378
}