{
    "false positive": 1249,
    "true positive": 460,
    "false negative": 121132,
    "true negative": 111691,
    "accuracy": 0.4781906093837941,
    "precision": 0.26916325336454067,
    "recall": 0.003758753401263268
}