{
    "false positive": 1249,
    "true positive": 460,
    "false negative": 121132,
    "true negative": 111691,
    "accuracy": 0.4781906093837941,
    "precision": 0.26916325336454067,
    "recall": 0.0037831436278702546,
    "specificity": 0.9889410306357358
}