{
    "false positive": 1235,
    "true positive": 446,
    "false negative": 117495,
    "true negative": 178226,
    "accuracy": 0.6007760539606324,
    "precision": 0.26531826293872696,
    "recall": 0.0037815517928455754,
    "specificity": 0.9931182819665554
}