{
    "false positive": 7755,
    "true positive": 1497,
    "false negative": 51859,
    "true negative": 98466,
    "accuracy": 0.6264248607255432,
    "precision": 0.1618028534370947,
    "recall": 0.02805682584901417,
    "specificity": 0.926991837772192
}