{
    "false positive": 7815,
    "true positive": 1437,
    "false negative": 50562,
    "true negative": 62491,
    "accuracy": 0.5226932668329177,
    "precision": 0.1553177691309987,
    "recall": 0.02461585898555938
}