{
    "false positive": 2955,
    "true positive": 884,
    "false negative": 2416,
    "true negative": 6180,
    "accuracy": 0.5680739847205468,
    "precision": 0.23026829903620735,
    "recall": 0.16458760007447404
}