{
    "false positive": 6534,
    "true positive": 1218,
    "false negative": 46437,
    "true negative": 91687,
    "accuracy": 0.6368765252680358,
    "precision": 0.15712074303405574,
    "recall": 0.02555870317909978,
    "specificity": 0.9334765477850969
}