{
    "false positive": 4922,
    "true positive": 788,
    "false negative": 42893,
    "true negative": 86906,
    "accuracy": 0.6471452080673609,
    "precision": 0.13800350262697023,
    "recall": 0.01803988003937639,
    "specificity": 0.9463997909134468
}