{
    "false positive": 5013,
    "true positive": 878,
    "false negative": 47858,
    "true negative": 91246,
    "accuracy": 0.6353598399944825,
    "precision": 0.14904090986250212,
    "recall": 0.01801543007222587,
    "specificity": 0.9479217527711694
}