{
    "false positive": 4636,
    "true positive": 1255,
    "false negative": 56279,
    "true negative": 59266,
    "accuracy": 0.49837774630257914,
    "precision": 0.2130368358512986,
    "recall": 0.021813188723189766,
    "specificity": 0.9274514099715189
}