{
    "false positive": 202,
    "true positive": 54,
    "false negative": 897,
    "true negative": 1778,
    "accuracy": 0.6250426475605595,
    "precision": 0.2109375,
    "recall": 0.04913557779799818
}