{
    "false positive": 706,
    "true positive": 480,
    "false negative": 951,
    "true negative": 1778,
    "accuracy": 0.5767560664112388,
    "precision": 0.40472175379426645,
    "recall": 0.28968014484007243
}