{
    "false positive": 8757,
    "true positive": 665,
    "false negative": 43970,
    "true negative": 87700,
    "accuracy": 0.6262934822668896,
    "precision": 0.07057949479940565,
    "recall": 0.01489862215749972,
    "specificity": 0.9092134318919312
}