{
    "false positive": 8922,
    "true positive": 665,
    "false negative": 48736,
    "true negative": 91542,
    "accuracy": 0.615267073699663,
    "precision": 0.06936476478564724,
    "recall": 0.013461265966275986,
    "specificity": 0.9111920688007644
}