{
    "false positive": 188,
    "true positive": 510,
    "false negative": 3025,
    "true negative": 1458,
    "accuracy": 0.3798494499131442,
    "precision": 0.7306590257879656,
    "recall": 0.15873015873015872
}